{"MAE": 0.8700235089620736, "MSE": 1.8563115842956879, "_runtime": 6, "_timestamp": 1630043283, "_step": 1, "Val MAE": 1.3742471067461792, "Val MSE": 3.902628145907512, "_wandb": {"runtime": 9}}